{"cameraMode":{"drawMode":0,"name":"Shaded","section":"Shading Mode"},"sceneLighting":true,"audioPlay":false,"sceneViewState":{"showFog":true,"showMaterialUpdate":false,"showSkybox":true,"showFlares":true,"showImageEffects":true,"showParticleSystems":true},"in2DMode":false,"pivot":{"x":65.23999786376953,"y":16.93000030517578,"z":0.21001052856445313},"rotation":{"x":-0.12570978701114655,"y":-0.7254855632781982,"z":0.13765549659729005,"w":-0.6625094413757324},"size":30.4643611907959,"orthographic":false}